{
	"PLAYER-starter": 0.9698055645294493,
	"PLAYER-double": 0.4402522846755835,
	"PLAYER-MIN": 0.06110886874618049,
	"PLAYER-winner": 0.42822621992249,
	"PLAYER-PTS": 0.8367736624347083,
	"PLAYER-FGM": 0.7213731728803552,
	"PLAYER-FGA": 0.10249543093890978,
	"PLAYER-FG3M": 0.9867627396033927,
	"PLAYER-FG3A": 0.975966477040084,
	"PLAYER-FTM": 0.024712864787114763,
	"PLAYER-FTA": 0.15956360829904193,
	"PLAYER-OREB": 0.16241580106767606,
	"PLAYER-DREB": 0.28528886109247265,
	"PLAYER-TREB": 0.3972331150230698,
	"PLAYER-AST": 0.02451285931451208,
	"PLAYER-STL": 0.12855649641512523,
	"PLAYER-BLK": 0.12164073312487522,
	"PLAYER-TOV": 0.9124922891495192,
	"PLAYER-PF": 0.45690719883286035,
	"PLAYER-popularity": 0.9660421018072651,
	"TEAM-FG3A": 0.47064588548913966,
	"TEAM-FG3M": 0.27561966015689754,
	"TEAM-FGA": 0.8238225988747337,
	"TEAM-FGM": 0.43967612078782925,
	"TEAM-FTA": 0.7097668085976878,
	"TEAM-FTM": 0.8274290437829896,
	"TEAM-DREB": 0.08017960218157905,
	"TEAM-OREB": 0.6863893040604315,
	"TEAM-TREB": 0.5156438304900601,
	"TEAM-BLK": 0.18938962142022064,
	"TEAM-AST": 0.7986342654327603,
	"TEAM-STL": 0.3864918808995541,
	"TEAM-TOV": 0.7615949249887102,
	"TEAM-PF": 0.4753663000060885,
	"TEAM-PTS": 0.7072273565178906,
	"TEAM-MIN": 0.06367662495870463,
	"TEAM-PTS_Q1": 0.33913779244879383,
	"TEAM-PTS_Q2": 0.916126171024938,
	"TEAM-PTS_Q3": 0.9075759494740895,
	"TEAM-PTS_Q4": 0.06440163958727685,
	"TEAM-IS_WINNER": 0.6157359762709631,
	"TEAM-WINS": 0.5375068929142522,
	"TEAM-LOSSES": 0.11528563037194917
}