{
	"PLAYER-starter": 0.9049890908333824,
	"PLAYER-double": 0.6379937357568416,
	"PLAYER-MIN": 0.6053611251154141,
	"PLAYER-winner": 0.3672676026883307,
	"PLAYER-PTS": 0.6756455178888162,
	"PLAYER-FGM": 0.2775342892286202,
	"PLAYER-FGA": 0.6359208159330825,
	"PLAYER-FG3M": 0.70609945993854,
	"PLAYER-FG3A": 0.06086623996183704,
	"PLAYER-FTM": 0.5001397894891767,
	"PLAYER-FTA": 0.24218505515134192,
	"PLAYER-OREB": 0.20691009955067596,
	"PLAYER-DREB": 0.36092296353454156,
	"PLAYER-TREB": 0.46245316068709974,
	"PLAYER-AST": 0.9026474528202261,
	"PLAYER-STL": 0.8251014531158728,
	"PLAYER-BLK": 0.345155439581725,
	"PLAYER-TOV": 0.5546992916643511,
	"PLAYER-PF": 0.48326368573745315,
	"TEAM-FG3A": 0.7008336479346389,
	"TEAM-FG3M": 0.37590904202338005,
	"TEAM-FGA": 0.9289475999160813,
	"TEAM-FGM": 0.7720471036548205,
	"TEAM-FTA": 0.7096686503435844,
	"TEAM-FTM": 0.4136657318733177,
	"TEAM-DREB": 0.18036404585964605,
	"TEAM-OREB": 0.6025383208562402,
	"TEAM-TREB": 0.038778678807136036,
	"TEAM-BLK": 0.6223638500062396,
	"TEAM-AST": 0.743705151920598,
	"TEAM-STL": 0.7170599524073534,
	"TEAM-TOV": 0.2866187579187295,
	"TEAM-PF": 0.9631177774649099,
	"TEAM-PTS": 0.628459522092971,
	"TEAM-MIN": 0.0786287709889989,
	"TEAM-PTS_Q1": 0.9051972024264174,
	"TEAM-PTS_Q2": 0.40892785462196934,
	"TEAM-PTS_Q3": 0.8342402321718687,
	"TEAM-PTS_Q4": 0.36295019535131545,
	"TEAM-IS_WINNER": 0.9006007976797475,
	"TEAM-WINS": 0.29119899275349237,
	"TEAM-LOSSES": 0.5670425329907598
}