{
	"PLAYER-starter": 0.5466687823971602,
	"PLAYER-double": 0.16025899477544336,
	"PLAYER-MIN": 0.936357130294835,
	"PLAYER-winner": 0.5912156742686154,
	"PLAYER-PTS": 0.6946862618510484,
	"PLAYER-FGM": 0.37166903724289924,
	"PLAYER-FGA": 0.7444916424941178,
	"PLAYER-FG3M": 0.9113852866502528,
	"PLAYER-FG3A": 0.49660686441141455,
	"PLAYER-FTM": 0.5677184004873342,
	"PLAYER-FTA": 0.627532083595713,
	"PLAYER-OREB": 0.38957287592197853,
	"PLAYER-DREB": 0.00026894599917126616,
	"PLAYER-TREB": 0.435331527315598,
	"PLAYER-AST": 0.6921306756991896,
	"PLAYER-STL": 0.5364073242260261,
	"PLAYER-BLK": 0.05461571668690768,
	"PLAYER-TOV": 0.6714274356360828,
	"PLAYER-PF": 0.45357641747667876,
	"TEAM-FG3A": 0.3055498493448148,
	"TEAM-FG3M": 0.932814622941387,
	"TEAM-FGA": 0.8736233710021369,
	"TEAM-FGM": 0.9998958559229039,
	"TEAM-FTA": 0.17163794590918402,
	"TEAM-FTM": 0.9237666097215684,
	"TEAM-DREB": 0.9742878470493817,
	"TEAM-OREB": 0.938727844353818,
	"TEAM-TREB": 0.9936599531050442,
	"TEAM-BLK": 0.078130376475954,
	"TEAM-AST": 0.8692463251490065,
	"TEAM-STL": 0.49874693242397183,
	"TEAM-TOV": 0.6895830567013793,
	"TEAM-PF": 0.28472028970877794,
	"TEAM-PTS": 0.8303159848201555,
	"TEAM-MIN": 0.5504051901100138,
	"TEAM-PTS_Q1": 0.31639672860586754,
	"TEAM-PTS_Q2": 0.018286928531235258,
	"TEAM-PTS_Q3": 0.3473577441048178,
	"TEAM-PTS_Q4": 0.16261340656226564,
	"TEAM-IS_WINNER": 0.5991484454922174,
	"TEAM-WINS": 0.007895954747135225,
	"TEAM-LOSSES": 0.15236518934863685,
	"TEAM-SEASON_WEEK": 0.2869299517573779,
	"TEAM-SEASON_DATE": 0.6580867254723497
}