{
	"PLAYER-starter": 0.24887626542099983,
	"PLAYER-double": 0.5527852164911983,
	"PLAYER-MIN": 0.8284147318785515,
	"PLAYER-winner": 0.8890025950012133,
	"PLAYER-PTS": 0.8563197754237646,
	"PLAYER-FGM": 0.8875069122831176,
	"PLAYER-FGA": 0.6164583466140545,
	"PLAYER-FG3M": 0.9241318231608028,
	"PLAYER-FG3A": 0.055863367714033774,
	"PLAYER-FTM": 0.32736944173782323,
	"PLAYER-FTA": 0.4114917541040298,
	"PLAYER-OREB": 0.8845893240971274,
	"PLAYER-DREB": 0.3350012045772647,
	"PLAYER-TREB": 0.8226996762401366,
	"PLAYER-AST": 0.9575720369244567,
	"PLAYER-STL": 0.9240226320260851,
	"PLAYER-BLK": 0.3099714437127291,
	"PLAYER-TOV": 0.4410387221622425,
	"PLAYER-PF": 0.7209450127302963,
	"TEAM-FG3A": 0.8742274255722794,
	"TEAM-FG3M": 0.5976307705222367,
	"TEAM-FGA": 0.7821892547226312,
	"TEAM-FGM": 0.06682970253142773,
	"TEAM-FTA": 0.3004717878685267,
	"TEAM-FTM": 0.834649824108377,
	"TEAM-DREB": 0.4373075394868957,
	"TEAM-OREB": 0.6713558070876154,
	"TEAM-TREB": 0.005319094919887024,
	"TEAM-BLK": 0.10356100961885795,
	"TEAM-AST": 0.27103541250530927,
	"TEAM-STL": 0.22335502022270126,
	"TEAM-TOV": 0.572606054085432,
	"TEAM-PF": 0.8475346585975263,
	"TEAM-PTS": 0.34831701678046556,
	"TEAM-MIN": 0.3892996614254953,
	"TEAM-PTS_Q1": 0.08028570865693452,
	"TEAM-PTS_Q2": 0.23182407515055126,
	"TEAM-PTS_Q3": 0.7327202285819494,
	"TEAM-PTS_Q4": 0.9986375777999805,
	"TEAM-IS_WINNER": 0.9181183605765053,
	"TEAM-WINS": 0.5658009208990371,
	"TEAM-LOSSES": 0.09565165654468655,
	"TEAM-popularity": 0.8300163761135471
}