{
	"PLAYER-starter": 0.573927751960265,
	"PLAYER-double": 0.10970513553733396,
	"PLAYER-MIN": 0.7718696303025054,
	"PLAYER-winner": 0.3196615083073898,
	"PLAYER-PTS": 0.4748497880472248,
	"PLAYER-FGM": 0.5652904299434699,
	"PLAYER-FGA": 0.60858831792659,
	"PLAYER-FG3M": 0.8826408180290598,
	"PLAYER-FG3A": 0.8942210078312078,
	"PLAYER-FTM": 0.011946374984804109,
	"PLAYER-FTA": 0.717703845443772,
	"PLAYER-OREB": 0.4447023301385956,
	"PLAYER-DREB": 0.3327537136910632,
	"PLAYER-TREB": 0.7797705489826989,
	"PLAYER-AST": 0.8109830871098754,
	"PLAYER-STL": 0.7551419013893801,
	"PLAYER-BLK": 0.4841512020209926,
	"PLAYER-TOV": 0.562203163630657,
	"PLAYER-PF": 0.3606126308186516,
	"PLAYER-popularity": 0.4310489607717587,
	"TEAM-FG3A": 0.5038340569442616,
	"TEAM-FG3M": 0.18746442656846896,
	"TEAM-FGA": 0.22213079393783086,
	"TEAM-FGM": 0.04621839203040967,
	"TEAM-FTA": 0.0636380731019206,
	"TEAM-FTM": 0.8669404729715832,
	"TEAM-DREB": 0.47351184595667717,
	"TEAM-OREB": 0.19107875557494658,
	"TEAM-TREB": 0.4781481987092693,
	"TEAM-BLK": 0.009270285080151375,
	"TEAM-AST": 0.4363744702456651,
	"TEAM-STL": 0.6536838752298294,
	"TEAM-TOV": 0.42925994416101587,
	"TEAM-PF": 0.16220758486731246,
	"TEAM-PTS": 0.27027755761760397,
	"TEAM-MIN": 0.624261059987012,
	"TEAM-PTS_Q1": 0.5337254842887366,
	"TEAM-PTS_Q2": 0.6604860064106693,
	"TEAM-PTS_Q3": 0.6797651100670732,
	"TEAM-PTS_Q4": 0.047421197527624304,
	"TEAM-IS_WINNER": 0.67401183197225,
	"TEAM-WINS": 0.37701863251720136,
	"TEAM-LOSSES": 0.30287706195113884,
	"TEAM-popularity": 0.4270494322467978,
	"TEAM-SEASON_WEEK": 0.4116539681050352,
	"TEAM-SEASON_DATE": 0.36179123827497095,
	"TEAM-STANDING": 0.8588534191042906
}