{
	"PLAYER-starter": 0.5335766851872195,
	"PLAYER-double": 0.984978112046233,
	"PLAYER-MIN": 0.4340773307704965,
	"PLAYER-winner": 0.6535097307647566,
	"PLAYER-PTS": 0.21865401021639685,
	"PLAYER-FGM": 0.5024886158584505,
	"PLAYER-FGA": 0.39122033764577624,
	"PLAYER-FG3M": 0.14992378673073659,
	"PLAYER-FG3A": 0.5639056001455803,
	"PLAYER-FTM": 0.33859580798267896,
	"PLAYER-FTA": 0.7647636025473358,
	"PLAYER-OREB": 0.4391193737728716,
	"PLAYER-DREB": 0.7364726877467181,
	"PLAYER-TREB": 0.5195455730193594,
	"PLAYER-AST": 0.4245840598102225,
	"PLAYER-STL": 0.5782096658604333,
	"PLAYER-BLK": 0.7279370424449829,
	"PLAYER-TOV": 0.4183808460827346,
	"PLAYER-PF": 0.9821538048293823,
	"TEAM-FG3A": 0.15957360511027163,
	"TEAM-FG3M": 0.9939983903172056,
	"TEAM-FGA": 0.4416669655178188,
	"TEAM-FGM": 0.9396696674286977,
	"TEAM-FTA": 0.8661407793272908,
	"TEAM-FTM": 0.039839049230382506,
	"TEAM-DREB": 0.35807591363965885,
	"TEAM-OREB": 0.9212445734536266,
	"TEAM-TREB": 0.7221664598199188,
	"TEAM-BLK": 0.05656240612728125,
	"TEAM-AST": 0.2238755425313742,
	"TEAM-STL": 0.054226207645906466,
	"TEAM-TOV": 0.003072957989649683,
	"TEAM-PF": 0.08672642996084656,
	"TEAM-PTS": 0.8250621331937197,
	"TEAM-MIN": 0.6572795484450976,
	"TEAM-PTS_Q1": 0.2504041338496693,
	"TEAM-PTS_Q2": 0.8731924678411095,
	"TEAM-PTS_Q3": 0.9826691324340716,
	"TEAM-PTS_Q4": 0.622856415323383,
	"TEAM-IS_WINNER": 0.8497889266478741,
	"TEAM-WINS": 0.2604641799473697,
	"TEAM-LOSSES": 0.33589072840413803,
	"TEAM-STANDING": 0.4613588605830886
}